kegiatan,nama_paket,nama_jalan,jenis_konstruksi,volume,satuan
Pembangunan Trotoar dan Bangunan Pelengkap Jalan Jakarta Pusat ,Paket 1 (Trotoar Kawasan Senayan dan Sekitarnya),JI. Gelora ( sisi Kanan ),trotoar,"2.966,53",m2
Pembangunan Trotoar dan Bangunan Pelengkap Jalan Jakarta Pusat ,Paket 1 (Trotoar Kawasan Senayan dan Sekitarnya),JI. Gelora ( sisi Kiri ),trotoar,"839,60",m2
Pembangunan Trotoar dan Bangunan Pelengkap Jalan Jakarta Pusat ,Paket 1 (Trotoar Kawasan Senayan dan Sekitarnya),Jl. Gerbang Pemuda ( sisi Kanan),trotoar,"2.717,39",m2
Pembangunan Trotoar dan Bangunan Pelengkap Jalan Jakarta Pusat ,Paket 1 (Trotoar Kawasan Senayan dan Sekitarnya),Jl. Palmerah Selatan (Sisi Kanan ),trotoar,"407,91",m2
Pembangunan Trotoar dan Bangunan Pelengkap Jalan Jakarta Pusat ,Paket 1 (Trotoar Kawasan Senayan dan Sekitarnya),Jl. Tentara pelajar,trotoar,"1.880,07",m2
Pembangunan Trotoar dan Bangunan Pelengkap Jalan Jakarta Pusat ,Paket 1 (Trotoar Kawasan Senayan dan Sekitarnya),Jl. Gatot Subroto ( Sisi Kanan),trotoar,"3.255,36",m2
Pembangunan Trotoar dan Bangunan Pelengkap Jalan Jakarta Pusat ,Paket 2 (Pengadaan Kotak Mulut Air Kawasan Senayan dsk),JI. Gelora ( sisi Kanan ),kotak mulut air,"169,00",unit
Pembangunan Trotoar dan Bangunan Pelengkap Jalan Jakarta Pusat ,Paket 2 (Pengadaan Kotak Mulut Air Kawasan Senayan dsk),JI. Gelora ( sisi Kiri ),kotak mulut air,"169,00",unit
Pembangunan Trotoar dan Bangunan Pelengkap Jalan Jakarta Pusat ,Paket 2 (Pengadaan Kotak Mulut Air Kawasan Senayan dsk),Jl. Gerbang Pemuda,kotak mulut air,"169,00",unit
Pembangunan Trotoar dan Bangunan Pelengkap Jalan Jakarta Pusat ,Paket 2 (Pengadaan Kotak Mulut Air Kawasan Senayan dsk),Jl. Pos,kotak mulut air,"44,00",unit
Pembangunan Trotoar dan Bangunan Pelengkap Jalan Jakarta Pusat ,Paket 2 (Pengadaan Kotak Mulut Air Kawasan Senayan dsk),Jl. Abdul Rahman Saleh,kotak mulut air,"14,00",unit
Pembangunan Trotoar dan Bangunan Pelengkap Jalan Jakarta Pusat ,Paket 2 (Pengadaan Kotak Mulut Air Kawasan Senayan dsk),Jl. Johar,kotak mulut air,"13,00",unit
Pembangunan Trotoar dan Bangunan Pelengkap Jalan Jakarta Pusat ,Paket 2 (Pengadaan Kotak Mulut Air Kawasan Senayan dsk),Jl. Kebon sirih,kotak mulut air,"38,00",unit
Pembangunan Trotoar dan Bangunan Pelengkap Jalan Jakarta Pusat ,Paket 2 (Pengadaan Kotak Mulut Air Kawasan Senayan dsk),Jl. Wahid hasyim,kotak mulut air,"8,00",unit
Pembangunan Trotoar dan Bangunan Pelengkap Jalan Jakarta Pusat ,Paket 2 (Pengadaan Kotak Mulut Air Kawasan Senayan dsk),Jl. Jaksa,kotak mulut air,"10,00",unit
Pembangunan Trotoar dan Bangunan Pelengkap Jalan Jakarta Pusat ,Paket 2 (Pengadaan Kotak Mulut Air Kawasan Senayan dsk),Jl. Taman Cut Meutia (sisi Kanan),kotak mulut air,"78,00",unit
Pembangunan Trotoar dan Bangunan Pelengkap Jalan Jakarta Pusat ,Paket 2 (Pengadaan Kotak Mulut Air Kawasan Senayan dsk),Jl. Taman Cut Meutia (sisi Kiri),kotak mulut air,"62,00",unit
Pembangunan Trotoar dan Bangunan Pelengkap Jalan Jakarta Pusat ,Paket 3 (Peningkatan Saluran Jalan Tentara Pelajar dsk),Jl Tentara Pelajar,u-ditch 1000,"116,00",m1
Pembangunan Trotoar dan Bangunan Pelengkap Jalan Jakarta Pusat ,Paket 4 (Kelengkapan Prasarana Trotoar),JI. Gelora ( sisi Kanan ),ubin pengarah,"622,00",m1
Pembangunan Trotoar dan Bangunan Pelengkap Jalan Jakarta Pusat ,Paket 4 (Kelengkapan Prasarana Trotoar),JI. Gelora ( sisi Kanan ),bollard,"55,00",unit
Pembangunan Trotoar dan Bangunan Pelengkap Jalan Jakarta Pusat ,Paket 4 (Kelengkapan Prasarana Trotoar),JI. Gelora ( sisi Kanan ),bangku,"6,00",unit
Pembangunan Trotoar dan Bangunan Pelengkap Jalan Jakarta Pusat ,Paket 4 (Kelengkapan Prasarana Trotoar),JI. Gelora ( sisi Kiri ),ubin pengarah,"622,00",m1
Pembangunan Trotoar dan Bangunan Pelengkap Jalan Jakarta Pusat ,Paket 4 (Kelengkapan Prasarana Trotoar),JI. Gelora ( sisi Kiri ),bollard,"55,00",m1
Pembangunan Trotoar dan Bangunan Pelengkap Jalan Jakarta Pusat ,Paket 4 (Kelengkapan Prasarana Trotoar),JI. Gelora ( sisi Kiri ),bangku,"6,00",unit
Pembangunan Trotoar dan Bangunan Pelengkap Jalan Jakarta Pusat ,Paket 4 (Kelengkapan Prasarana Trotoar),Jl. Gerbang Pemuda ( sisi Kanan),ubin pengarah,"974,00",m1
Pembangunan Trotoar dan Bangunan Pelengkap Jalan Jakarta Pusat ,Paket 4 (Kelengkapan Prasarana Trotoar),Jl. Gerbang Pemuda ( sisi Kanan),bollard,"101,00",m1
Pembangunan Trotoar dan Bangunan Pelengkap Jalan Jakarta Pusat ,Paket 4 (Kelengkapan Prasarana Trotoar),Jl. Gerbang Pemuda ( sisi Kanan),bangku,"17,00",unit
Pembangunan Trotoar dan Bangunan Pelengkap Jalan Jakarta Pusat ,Paket 4 (Kelengkapan Prasarana Trotoar),Jl. Palmerah Selatan (Sisi Kanan ),ubin pengarah,"475,67",m1
Pembangunan Trotoar dan Bangunan Pelengkap Jalan Jakarta Pusat ,Paket 4 (Kelengkapan Prasarana Trotoar),Jl. Palmerah Selatan (Sisi Kanan ),bollard,"37,00",m1
Pembangunan Trotoar dan Bangunan Pelengkap Jalan Jakarta Pusat ,Paket 4 (Kelengkapan Prasarana Trotoar),Jl. Palmerah Selatan (Sisi Kanan ),bangku,"1,00",unit
Pembangunan Trotoar dan Bangunan Pelengkap Jalan Jakarta Pusat ,Paket 4 (Kelengkapan Prasarana Trotoar),Jl. Tentara pelajar,ubin pengarah,"1.075,67",m1
Pembangunan Trotoar dan Bangunan Pelengkap Jalan Jakarta Pusat ,Paket 4 (Kelengkapan Prasarana Trotoar),Jl. Tentara pelajar,bollard,"37,00",m1
Pembangunan Trotoar dan Bangunan Pelengkap Jalan Jakarta Pusat ,Paket 4 (Kelengkapan Prasarana Trotoar),Jl. Tentara pelajar,bangku,"1,00",unit
Pembangunan Trotoar dan Bangunan Pelengkap Jalan Jakarta Pusat ,Paket 4 (Kelengkapan Prasarana Trotoar),Jl. Gatot Subroto ( Sisi Kanan),ubin pengarah,"1.075,67",m1
Pembangunan Trotoar dan Bangunan Pelengkap Jalan Jakarta Pusat ,Paket 4 (Kelengkapan Prasarana Trotoar),Jl. Gatot Subroto ( Sisi Kanan),bollard,"36,00",m1
Pembangunan Trotoar dan Bangunan Pelengkap Jalan Jakarta Pusat ,Paket 4 (Kelengkapan Prasarana Trotoar),Jl. Gatot Subroto ( Sisi Kanan),bangku,"2,00",unit
Pembangunan Trotoar dan Bangunan Pelengkap Jalan Jakarta Pusat ,Paket 6 (Pembangunan Halte Bus Kawasan Senayan dsk),Jl. Gerbang Pemuda,trotoar,"16,00",m2
Pembangunan Trotoar dan Bangunan Pelengkap Jalan Jakarta Pusat ,Paket 7 (Trotoar Kawasan Lapangan Banteng dsk),Jl. Pos (sisi Kanan),trotoar,"1.091,11",m2
Pembangunan Trotoar dan Bangunan Pelengkap Jalan Jakarta Pusat ,Paket 7 (Trotoar Kawasan Lapangan Banteng dsk),Jl. Gedung Kesenian ( Sisi kanan ),trotoar,"1.272,91",m2
Pembangunan Trotoar dan Bangunan Pelengkap Jalan Jakarta Pusat ,Paket 7 (Trotoar Kawasan Lapangan Banteng dsk),Taman lapangan banteng (utara) (sisi Kanan),trotoar,"891,74",m2
Pembangunan Trotoar dan Bangunan Pelengkap Jalan Jakarta Pusat ,Paket 7 (Trotoar Kawasan Lapangan Banteng dsk),Taman lapangan banteng (utara) (sisi Kiri),trotoar,"891,74",m2
Pembangunan Trotoar dan Bangunan Pelengkap Jalan Jakarta Pusat ,Paket 7 (Trotoar Kawasan Lapangan Banteng dsk),taman lapangan banteng (Barat),trotoar,"748,96",m2
Pembangunan Trotoar dan Bangunan Pelengkap Jalan Jakarta Pusat ,Paket 7 (Trotoar Kawasan Lapangan Banteng dsk),taman lapangan banteng (Selatan),trotoar,"1.190,74",m2
Pembangunan Trotoar dan Bangunan Pelengkap Jalan Jakarta Pusat ,Paket 7 (Trotoar Kawasan Lapangan Banteng dsk),Taman Lapangan banteng (Timur),trotoar,"1.116,34",m2
Pembangunan Trotoar dan Bangunan Pelengkap Jalan Jakarta Pusat ,Paket 7 (Trotoar Kawasan Lapangan Banteng dsk),Jl pejambon (sisi kanan),trotoar,"3.969,70",m2
Pembangunan Trotoar dan Bangunan Pelengkap Jalan Jakarta Pusat ,Paket 7 (Trotoar Kawasan Lapangan Banteng dsk),Jl. Merdeka timur ( sisi kiri),trotoar,"1.174,10",m2
Pembangunan Trotoar dan Bangunan Pelengkap Jalan Jakarta Pusat ,Paket 7 (Trotoar Kawasan Lapangan Banteng dsk),Jl. M. I Ridwan Rais,trotoar,"2.653,92",m2
Pembangunan Trotoar dan Bangunan Pelengkap Jalan Jakarta Pusat ,Paket 7 (Trotoar Kawasan Lapangan Banteng dsk),Jl. AR Saleh ( Sisi Kiri ),trotoar,"1.016,19",m2
Pembangunan Trotoar dan Bangunan Pelengkap Jalan Jakarta Pusat ,Paket 8 (Kelengkapan Prasarana Trotoar),Jl. Pos (sisi Kanan),ubin pengarah,"202,09",m1
Pembangunan Trotoar dan Bangunan Pelengkap Jalan Jakarta Pusat ,Paket 8 (Kelengkapan Prasarana Trotoar),Jl. Pos (sisi Kanan),bollard,"56,00",unit
Pembangunan Trotoar dan Bangunan Pelengkap Jalan Jakarta Pusat ,Paket 8 (Kelengkapan Prasarana Trotoar),Jl. Pos (sisi Kanan),bangku,"4,00",unit
Pembangunan Trotoar dan Bangunan Pelengkap Jalan Jakarta Pusat ,Paket 8 (Kelengkapan Prasarana Trotoar),Jl. Gedung Kesenian ( Sisi kanan ),ubin pengarah,"202,09",m1
Pembangunan Trotoar dan Bangunan Pelengkap Jalan Jakarta Pusat ,Paket 8 (Kelengkapan Prasarana Trotoar),Jl. Gedung Kesenian ( Sisi kanan ),bollard,"56,00",unit
Pembangunan Trotoar dan Bangunan Pelengkap Jalan Jakarta Pusat ,Paket 8 (Kelengkapan Prasarana Trotoar),Jl. Gedung Kesenian ( Sisi kanan ),bangku,"4,00",unit
Pembangunan Trotoar dan Bangunan Pelengkap Jalan Jakarta Pusat ,Paket 8 (Kelengkapan Prasarana Trotoar),Taman lapangan banteng (utara) (sisi Kanan),ubin pengarah,"202,00",m1
Pembangunan Trotoar dan Bangunan Pelengkap Jalan Jakarta Pusat ,Paket 8 (Kelengkapan Prasarana Trotoar),Taman lapangan banteng (utara) (sisi Kanan),bollard,"56,00",unit
Pembangunan Trotoar dan Bangunan Pelengkap Jalan Jakarta Pusat ,Paket 8 (Kelengkapan Prasarana Trotoar),Taman lapangan banteng (utara) (sisi Kanan),bangku,"4,00",unit
Pembangunan Trotoar dan Bangunan Pelengkap Jalan Jakarta Pusat ,Paket 8 (Kelengkapan Prasarana Trotoar),Taman lapangan banteng (utara) (sisi Kiri),ubin pengarah,"202,09",m1
Pembangunan Trotoar dan Bangunan Pelengkap Jalan Jakarta Pusat ,Paket 8 (Kelengkapan Prasarana Trotoar),Taman lapangan banteng (utara) (sisi Kiri),bollard,"56,00",unit
Pembangunan Trotoar dan Bangunan Pelengkap Jalan Jakarta Pusat ,Paket 8 (Kelengkapan Prasarana Trotoar),Taman lapangan banteng (utara) (sisi Kiri),bangku,"4,00",unit
Pembangunan Trotoar dan Bangunan Pelengkap Jalan Jakarta Pusat ,Paket 8 (Kelengkapan Prasarana Trotoar),Taman lapangan banteng (Barat),ubin pengarah,"202,09",m1
Pembangunan Trotoar dan Bangunan Pelengkap Jalan Jakarta Pusat ,Paket 8 (Kelengkapan Prasarana Trotoar),Taman lapangan banteng (Barat),bollard,"56,00",unit
Pembangunan Trotoar dan Bangunan Pelengkap Jalan Jakarta Pusat ,Paket 8 (Kelengkapan Prasarana Trotoar),Taman lapangan banteng (Barat),bangku,"4,00",unit
Pembangunan Trotoar dan Bangunan Pelengkap Jalan Jakarta Pusat ,Paket 8 (Kelengkapan Prasarana Trotoar),Taman lapangan banteng (Selatan),ubin pengarah,"402,09",m1
Pembangunan Trotoar dan Bangunan Pelengkap Jalan Jakarta Pusat ,Paket 8 (Kelengkapan Prasarana Trotoar),Taman lapangan banteng (Selatan),bollard,"56,00",unit
Pembangunan Trotoar dan Bangunan Pelengkap Jalan Jakarta Pusat ,Paket 8 (Kelengkapan Prasarana Trotoar),Taman lapangan banteng (Selatan),bangku,"4,00",unit
Pembangunan Trotoar dan Bangunan Pelengkap Jalan Jakarta Pusat ,Paket 8 (Kelengkapan Prasarana Trotoar),Taman Lapangan banteng (Timur),ubin pengarah,"202,09",m1
Pembangunan Trotoar dan Bangunan Pelengkap Jalan Jakarta Pusat ,Paket 8 (Kelengkapan Prasarana Trotoar),Taman Lapangan banteng (Timur),bollard,"56,00",unit
Pembangunan Trotoar dan Bangunan Pelengkap Jalan Jakarta Pusat ,Paket 8 (Kelengkapan Prasarana Trotoar),Taman Lapangan banteng (Timur),bangku,"4,00",unit
Pembangunan Trotoar dan Bangunan Pelengkap Jalan Jakarta Pusat ,Paket 8 (Kelengkapan Prasarana Trotoar),Jl Pejambon (sisi kanan),ubin pengarah,"1.402,09",m1
Pembangunan Trotoar dan Bangunan Pelengkap Jalan Jakarta Pusat ,Paket 8 (Kelengkapan Prasarana Trotoar),Jl Pejambon (sisi kanan),bollard,"56,00",unit
Pembangunan Trotoar dan Bangunan Pelengkap Jalan Jakarta Pusat ,Paket 8 (Kelengkapan Prasarana Trotoar),Jl Pejambon (sisi kanan),bangku,"6,00",unit
Pembangunan Trotoar dan Bangunan Pelengkap Jalan Jakarta Pusat ,Paket 8 (Kelengkapan Prasarana Trotoar),Jl. Merdeka timur ( sisi kiri),ubin pengarah,"311,33",m1
Pembangunan Trotoar dan Bangunan Pelengkap Jalan Jakarta Pusat ,Paket 8 (Kelengkapan Prasarana Trotoar),Jl. Merdeka timur ( sisi kiri),bollard,"21,00",unit
Pembangunan Trotoar dan Bangunan Pelengkap Jalan Jakarta Pusat ,Paket 8 (Kelengkapan Prasarana Trotoar),Jl. Merdeka timur ( sisi kiri),bangku,"3,00",unit
Pembangunan Trotoar dan Bangunan Pelengkap Jalan Jakarta Pusat ,Paket 8 (Kelengkapan Prasarana Trotoar),Jl. M. I Ridwan Rais,ubin pengarah,"811,33",m1
Pembangunan Trotoar dan Bangunan Pelengkap Jalan Jakarta Pusat ,Paket 8 (Kelengkapan Prasarana Trotoar),Jl. M. I Ridwan Rais,bollard,"21,00",unit
Pembangunan Trotoar dan Bangunan Pelengkap Jalan Jakarta Pusat ,Paket 8 (Kelengkapan Prasarana Trotoar),Jl. M. I Ridwan Rais,bangku,"2,00",unit
Pembangunan Trotoar dan Bangunan Pelengkap Jalan Jakarta Pusat ,Paket 8 (Kelengkapan Prasarana Trotoar),Jl. AR Saleh ( Sisi Kiri ),ubin pengarah,"311,33",m1
Pembangunan Trotoar dan Bangunan Pelengkap Jalan Jakarta Pusat ,Paket 8 (Kelengkapan Prasarana Trotoar),Jl. AR Saleh ( Sisi Kiri ),bollard,"22,00",unit
Pembangunan Trotoar dan Bangunan Pelengkap Jalan Jakarta Pusat ,Paket 8 (Kelengkapan Prasarana Trotoar),Jl. AR Saleh ( Sisi Kiri ),bangku,"2,00",unit
Pembangunan Trotoar dan Bangunan Pelengkap Jalan Jakarta Pusat ,Paket 9 (Peningkatan Saluran Kawasan Lapangan Banteng dsk),Jl. Pos (sisi Kanan),u-ditch 1000,"207,10",m1
Pembangunan Trotoar dan Bangunan Pelengkap Jalan Jakarta Pusat ,Paket 9 (Peningkatan Saluran Kawasan Lapangan Banteng dsk),Taman lapangan banteng (utara) (sisiKanan),u-ditch 1000,"15,20",m1
Pembangunan Trotoar dan Bangunan Pelengkap Jalan Jakarta Pusat ,Paket 9 (Peningkatan Saluran Kawasan Lapangan Banteng dsk),Jl pejambon (sisi kanan),u-ditch 1000,"272,70",m1
Pembangunan Trotoar dan Bangunan Pelengkap Jalan Jakarta Pusat ,Paket 10 (Peningkatan Saluran Kawasan Lapangan Banteng dsk),Taman lapangan banteng (utara) (sisi Kiri),u-ditch 1000,"170,00",m1
Pembangunan Trotoar dan Bangunan Pelengkap Jalan Jakarta Pusat ,Paket 11 ( Trotoar Kawasan Jl. K.H Wahid Hasyim dsk),Jl. Wahid Hasyim (sisi Kanan),trotoar,"11.322,48",m2
Pembangunan Trotoar dan Bangunan Pelengkap Jalan Jakarta Pusat ,Paket 11 ( Trotoar Kawasan Jl. K.H Wahid Hasyim dsk),Jl. Wahid Hasyim (sisi Kiri),trotoar,"9.569,57",m2
Pembangunan Trotoar dan Bangunan Pelengkap Jalan Jakarta Pusat ,Paket 11 ( Trotoar Kawasan Jl. K.H Wahid Hasyim dsk),Jl. Johar (sisi kanan),trotoar,"1.089,04",m2
Pembangunan Trotoar dan Bangunan Pelengkap Jalan Jakarta Pusat ,Paket 11 ( Trotoar Kawasan Jl. K.H Wahid Hasyim dsk),Jl. Johar (sisi Kiri),trotoar,"1.647,92",m2
Pembangunan Trotoar dan Bangunan Pelengkap Jalan Jakarta Pusat ,Paket 11 ( Trotoar Kawasan Jl. K.H Wahid Hasyim dsk),Jl. Menteng Raya (sisi Kanan),trotoar,"1.021,61",m2
Pembangunan Trotoar dan Bangunan Pelengkap Jalan Jakarta Pusat ,Paket 11 ( Trotoar Kawasan Jl. K.H Wahid Hasyim dsk),Jl. Taman Cut Meutia (sisi Kanan),trotoar,"967,50",m2
Pembangunan Trotoar dan Bangunan Pelengkap Jalan Jakarta Pusat ,Paket 11 ( Trotoar Kawasan Jl. K.H Wahid Hasyim dsk),Jl. Taman Cut Meutia (sisi Kiri),trotoar,"1.199,90",m2
Pembangunan Trotoar dan Bangunan Pelengkap Jalan Jakarta Pusat ,Paket 11 ( Trotoar Kawasan Jl. K.H Wahid Hasyim dsk),Jl. Jaksa (sisi Kanan),trotoar,"1.158,56",m2
Pembangunan Trotoar dan Bangunan Pelengkap Jalan Jakarta Pusat ,Paket 11 ( Trotoar Kawasan Jl. K.H Wahid Hasyim dsk),Jl. Jaksa (sisi Kiri),trotoar,"1.158,56",m2
Pembangunan Trotoar dan Bangunan Pelengkap Jalan Jakarta Pusat ,Paket 11 ( Trotoar Kawasan Jl. K.H Wahid Hasyim dsk),Jl. Kebon Sirih Timur (sisi Kanan),trotoar,"782,62",m2
Pembangunan Trotoar dan Bangunan Pelengkap Jalan Jakarta Pusat ,Paket 11 ( Trotoar Kawasan Jl. K.H Wahid Hasyim dsk),Jl. Kebon Sirih Timur (sisi Kiri),trotoar,"1.021,61",m2
Pembangunan Trotoar dan Bangunan Pelengkap Jalan Jakarta Pusat ,Paket 12 (Kelengkapan Prasarana Trotoar),Jl. Wahid Hasyim (sisi Kanan),ubin pengarah,"2.232,55",m1
Pembangunan Trotoar dan Bangunan Pelengkap Jalan Jakarta Pusat ,Paket 12 (Kelengkapan Prasarana Trotoar),Jl. Wahid Hasyim (sisi Kanan),bollard,"210,00",unit
Pembangunan Trotoar dan Bangunan Pelengkap Jalan Jakarta Pusat ,Paket 12 (Kelengkapan Prasarana Trotoar),Jl. Wahid Hasyim (sisi Kanan),bangku,"6,00",unit
Pembangunan Trotoar dan Bangunan Pelengkap Jalan Jakarta Pusat ,Paket 12 (Kelengkapan Prasarana Trotoar),Jl. Wahid Hasyim (sisi Kiri),ubin pengarah,"2.332,55",m1
Pembangunan Trotoar dan Bangunan Pelengkap Jalan Jakarta Pusat ,Paket 12 (Kelengkapan Prasarana Trotoar),Jl. Wahid Hasyim (sisi Kiri),bollard,"208,00",unit
Pembangunan Trotoar dan Bangunan Pelengkap Jalan Jakarta Pusat ,Paket 12 (Kelengkapan Prasarana Trotoar),Jl. Wahid Hasyim (sisi Kiri),bangku,"5,00",unit
Pembangunan Trotoar dan Bangunan Pelengkap Jalan Jakarta Pusat ,Paket 12 (Kelengkapan Prasarana Trotoar),Jl. Johar (sisi kanan),ubin pengarah,"432,55",m1
Pembangunan Trotoar dan Bangunan Pelengkap Jalan Jakarta Pusat ,Paket 12 (Kelengkapan Prasarana Trotoar),Jl. Johar (sisi kanan),bollard,"58,00",unit
Pembangunan Trotoar dan Bangunan Pelengkap Jalan Jakarta Pusat ,Paket 12 (Kelengkapan Prasarana Trotoar),Jl. Johar (sisi kanan),bangku,"3,00",unit
Pembangunan Trotoar dan Bangunan Pelengkap Jalan Jakarta Pusat ,Paket 12 (Kelengkapan Prasarana Trotoar),Jl. Johar (sisi Kiri),ubin pengarah,"332,55",m1
Pembangunan Trotoar dan Bangunan Pelengkap Jalan Jakarta Pusat ,Paket 12 (Kelengkapan Prasarana Trotoar),Jl. Johar (sisi Kiri),bollard,"58,00",unit
Pembangunan Trotoar dan Bangunan Pelengkap Jalan Jakarta Pusat ,Paket 12 (Kelengkapan Prasarana Trotoar),Jl. Johar (sisi Kiri),bangku,"3,00",unit
Pembangunan Trotoar dan Bangunan Pelengkap Jalan Jakarta Pusat ,Paket 12 (Kelengkapan Prasarana Trotoar),Jl. Menteng Raya (sisi Kanan),ubin pengarah,"332,55",m1
Pembangunan Trotoar dan Bangunan Pelengkap Jalan Jakarta Pusat ,Paket 12 (Kelengkapan Prasarana Trotoar),Jl. Menteng Raya (sisi Kanan),bollard,"58,00",unit
Pembangunan Trotoar dan Bangunan Pelengkap Jalan Jakarta Pusat ,Paket 12 (Kelengkapan Prasarana Trotoar),Jl. Menteng Raya (sisi Kanan),bangku,"3,00",unit
Pembangunan Trotoar dan Bangunan Pelengkap Jalan Jakarta Pusat ,Paket 12 (Kelengkapan Prasarana Trotoar),Jl. Taman Cut Meutia (sisi Kanan),ubin pengarah,"432,55",m1
Pembangunan Trotoar dan Bangunan Pelengkap Jalan Jakarta Pusat ,Paket 12 (Kelengkapan Prasarana Trotoar),Jl. Taman Cut Meutia (sisi Kanan),bollard,"58,00",unit
Pembangunan Trotoar dan Bangunan Pelengkap Jalan Jakarta Pusat ,Paket 12 (Kelengkapan Prasarana Trotoar),Jl. Taman Cut Meutia (sisi Kanan),bangku,"3,00",unit
Pembangunan Trotoar dan Bangunan Pelengkap Jalan Jakarta Pusat ,Paket 12 (Kelengkapan Prasarana Trotoar),Jl. Taman Cut Meutia (sisi Kiri),ubin pengarah,"532,55",m1
Pembangunan Trotoar dan Bangunan Pelengkap Jalan Jakarta Pusat ,Paket 12 (Kelengkapan Prasarana Trotoar),Jl. Taman Cut Meutia (sisi Kiri),bollard,"88,00",unit
Pembangunan Trotoar dan Bangunan Pelengkap Jalan Jakarta Pusat ,Paket 12 (Kelengkapan Prasarana Trotoar),Jl. Taman Cut Meutia (sisi Kiri),bangku,"3,00",unit
Pembangunan Trotoar dan Bangunan Pelengkap Jalan Jakarta Pusat ,Paket 12 (Kelengkapan Prasarana Trotoar),Jl. Jaksa (sisi Kanan),ubin pengarah,"535,55",m1
Pembangunan Trotoar dan Bangunan Pelengkap Jalan Jakarta Pusat ,Paket 12 (Kelengkapan Prasarana Trotoar),Jl. Jaksa (sisi Kanan),bollard,"88,00",unit
Pembangunan Trotoar dan Bangunan Pelengkap Jalan Jakarta Pusat ,Paket 12 (Kelengkapan Prasarana Trotoar),Jl. Jaksa (sisi Kanan),bangku,"3,00",unit
Pembangunan Trotoar dan Bangunan Pelengkap Jalan Jakarta Pusat ,Paket 12 (Kelengkapan Prasarana Trotoar),Jl. Jaksa (sisi Kiri),ubin pengarah,"735,55",m1
Pembangunan Trotoar dan Bangunan Pelengkap Jalan Jakarta Pusat ,Paket 12 (Kelengkapan Prasarana Trotoar),Jl. Jaksa (sisi Kiri),bollard,"48,00",unit
Pembangunan Trotoar dan Bangunan Pelengkap Jalan Jakarta Pusat ,Paket 12 (Kelengkapan Prasarana Trotoar),Jl. Jaksa (sisi Kiri),bangku,"3,00",unit
Pembangunan Trotoar dan Bangunan Pelengkap Jalan Jakarta Pusat ,Paket 12 (Kelengkapan Prasarana Trotoar),Jl. Kebon Sirih Timur (sisi Kanan),ubin pengarah,"823,05",m1
Pembangunan Trotoar dan Bangunan Pelengkap Jalan Jakarta Pusat ,Paket 12 (Kelengkapan Prasarana Trotoar),Jl. Kebon Sirih Timur (sisi Kanan),bollard,"48,00",unit
Pembangunan Trotoar dan Bangunan Pelengkap Jalan Jakarta Pusat ,Paket 12 (Kelengkapan Prasarana Trotoar),Jl. Kebon Sirih Timur (sisi Kanan),bangku,"4,00",unit
Pembangunan Trotoar dan Bangunan Pelengkap Jalan Jakarta Pusat ,Paket 12 (Kelengkapan Prasarana Trotoar),Jl. Kebon Sirih Timur (sisi Kiri),ubin pengarah,"435,55",m1
Pembangunan Trotoar dan Bangunan Pelengkap Jalan Jakarta Pusat ,Paket 12 (Kelengkapan Prasarana Trotoar),Jl. Kebon Sirih Timur (sisi Kiri),bollard,"48,00",unit
Pembangunan Trotoar dan Bangunan Pelengkap Jalan Jakarta Pusat ,Paket 12 (Kelengkapan Prasarana Trotoar),Jl. Kebon Sirih Timur (sisi Kiri),bangku,"4,00",unit
Pembangunan Trotoar dan Bangunan Pelengkap Jalan Jakarta Selatan,"Paket 1 (Peningkatan Saluran Jl. Sisingamangaraja, Jl. Panglima Polim Raya, dsk)",Jl. Sisisngamangaraja (sisi Kiri),u-ditch 1000,"1.146,70",m1
Pembangunan Trotoar dan Bangunan Pelengkap Jalan Jakarta Selatan,"Paket 1 (Peningkatan Saluran Jl. Sisingamangaraja, Jl. Panglima Polim Raya, dsk)",Jl. Sisingamangaraja (sisi Kanan),u-ditch 1000,"1.037,20",m1
Pembangunan Trotoar dan Bangunan Pelengkap Jalan Jakarta Selatan,"Paket 1 (Peningkatan Saluran Jl. Sisingamangaraja, Jl. Panglima Polim Raya, dsk)",Jl. Panglima Polim (sisi Kiri),u-ditch 1000,"948,95",m1
Pembangunan Trotoar dan Bangunan Pelengkap Jalan Jakarta Selatan,"Paket 1 (Peningkatan Saluran Jl. Sisingamangaraja, Jl. Panglima Polim Raya, dsk)",Jl. Panglima Polim (sisi Kanan),u-ditch 1000,"862,40",m1
Pembangunan Trotoar dan Bangunan Pelengkap Jalan Jakarta Selatan,"Paket 1 (Peningkatan Saluran Jl. Sisingamangaraja, Jl. Panglima Polim Raya, dsk)",Jl. Barito 2,u-ditch 1000,"412,81",m1
Pembangunan Trotoar dan Bangunan Pelengkap Jalan Jakarta Selatan,"Paket 1 (Peningkatan Saluran Jl. Sisingamangaraja, Jl. Panglima Polim Raya, dsk)",Jl. Fatmawati (sisi Kiri),u-ditch 1000,"104,90",m1
Pembangunan Trotoar dan Bangunan Pelengkap Jalan Jakarta Selatan,"Paket 1 (Peningkatan Saluran Jl. Sisingamangaraja, Jl. Panglima Polim Raya, dsk)",Jl. Fatmawati (sisi Kanan),u-ditch 1000,"105,00",m1
Pembangunan Trotoar dan Bangunan Pelengkap Jalan Jakarta Selatan ,"Paket 2 (Trotoar Jl. Sisingamangaraja, Jl. Panglima Polim Raya dsk)",Jl. Sisisngamangaraja (sisi Kiri),trotoar,"1.136,50",m2
Pembangunan Trotoar dan Bangunan Pelengkap Jalan Jakarta Selatan ,"Paket 2 (Trotoar Jl. Sisingamangaraja, Jl. Panglima Polim Raya dsk)",Jl. Sisingamangaraja (sisi Kanan),trotoar,"1.168,60",m2
Pembangunan Trotoar dan Bangunan Pelengkap Jalan Jakarta Selatan ,"Paket 2 (Trotoar Jl. Sisingamangaraja, Jl. Panglima Polim Raya dsk)",Jl. Panglima Polim (sisi Kiri),trotoar,"1.570,60",m2
Pembangunan Trotoar dan Bangunan Pelengkap Jalan Jakarta Selatan ,"Paket 2 (Trotoar Jl. Sisingamangaraja, Jl. Panglima Polim Raya dsk)",Jl. Panglima Polim (sisi Kanan),trotoar,"1.425,20",m2
Pembangunan Trotoar dan Bangunan Pelengkap Jalan Jakarta Selatan ,"Paket 2 (Trotoar Jl. Sisingamangaraja, Jl. Panglima Polim Raya dsk)",Jl. Barito 2,trotoar,"134,50",m2
Pembangunan Trotoar dan Bangunan Pelengkap Jalan Jakarta Selatan ,"Paket 2 (Trotoar Jl. Sisingamangaraja, Jl. Panglima Polim Raya dsk)",Jl. Fatmawati (sisi Kiri),trotoar,"139,50",m2
Pembangunan Trotoar dan Bangunan Pelengkap Jalan Jakarta Selatan ,"Paket 2 (Trotoar Jl. Sisingamangaraja, Jl. Panglima Polim Raya dsk)",Jl. Fatmawati (sisi Kanan),trotoar,"128,40",m2
Pembangunan Trotoar dan Bangunan Pelengkap Jalan Jakarta Selatan ,Paket 3 (Peningkatan Saluran Jl. RS Fatmawati dsk),Jl. RS Fatmawati (kiri),u-ditch 1000,"2.563,94",m1
Pembangunan Trotoar dan Bangunan Pelengkap Jalan Jakarta Selatan ,Paket 3 (Peningkatan Saluran Jl. RS Fatmawati dsk),Jl. RS Fatmawati (kanan),u-ditch 1000,"3.251,76",m1
Pembangunan Trotoar dan Bangunan Pelengkap Jalan Jakarta Selatan ,Paket 3 (Peningkatan Saluran Jl. RS Fatmawati dsk),Jl. Barito,u-ditch 1000,"19,09",m1
Pembangunan Trotoar dan Bangunan Pelengkap Jalan Jakarta Selatan ,Paket 3 (Peningkatan Saluran Jl. RS Fatmawati dsk),Jl. Mayestik,u-ditch 1000,"165,85",m1
Pembangunan Trotoar dan Bangunan Pelengkap Jalan Jakarta Selatan ,Paket 4 (Kelengkapan Prasarana Trotoar),Jl. Sisisngamangaraja (sisi Kiri),ubin pengarah,"1.090,00",m1
Pembangunan Trotoar dan Bangunan Pelengkap Jalan Jakarta Selatan ,Paket 4 (Kelengkapan Prasarana Trotoar),Jl. Sisisngamangaraja (sisi Kiri),bangku,"6,00",unit
Pembangunan Trotoar dan Bangunan Pelengkap Jalan Jakarta Selatan ,Paket 4 (Kelengkapan Prasarana Trotoar),Jl. Sisisngamangaraja (sisi Kiri),bollard,"167,00",unit
Pembangunan Trotoar dan Bangunan Pelengkap Jalan Jakarta Selatan ,Paket 4 (Kelengkapan Prasarana Trotoar),Jl. Sisingamangaraja (sisi Kanan),ubin pengarah,"1.372,00",m1
Pembangunan Trotoar dan Bangunan Pelengkap Jalan Jakarta Selatan ,Paket 4 (Kelengkapan Prasarana Trotoar),Jl. Sisingamangaraja (sisi Kanan),bangku,"6,00",unit
Pembangunan Trotoar dan Bangunan Pelengkap Jalan Jakarta Selatan ,Paket 4 (Kelengkapan Prasarana Trotoar),Jl. Sisingamangaraja (sisi Kanan),bollard,"167,00",unit
Pembangunan Trotoar dan Bangunan Pelengkap Jalan Jakarta Selatan ,Paket 4 (Kelengkapan Prasarana Trotoar),Jl. Panglima Polim (sisi Kiri),ubin pengarah,"1.147,50",m1
Pembangunan Trotoar dan Bangunan Pelengkap Jalan Jakarta Selatan ,Paket 4 (Kelengkapan Prasarana Trotoar),Jl. Panglima Polim (sisi Kiri),bangku,"7,00",unit
Pembangunan Trotoar dan Bangunan Pelengkap Jalan Jakarta Selatan ,Paket 4 (Kelengkapan Prasarana Trotoar),Jl. Panglima Polim (sisi Kiri),bollard,"98,00",unit
Pembangunan Trotoar dan Bangunan Pelengkap Jalan Jakarta Selatan ,Paket 4 (Kelengkapan Prasarana Trotoar),Jl. Panglima Polim (sisi Kanan),ubin pengarah,"1.104,50",m1
Pembangunan Trotoar dan Bangunan Pelengkap Jalan Jakarta Selatan ,Paket 4 (Kelengkapan Prasarana Trotoar),Jl. Panglima Polim (sisi Kanan),bangku,"6,00",unit
Pembangunan Trotoar dan Bangunan Pelengkap Jalan Jakarta Selatan ,Paket 4 (Kelengkapan Prasarana Trotoar),Jl. Panglima Polim (sisi Kanan),bollard,"78,00",unit
Pembangunan Trotoar dan Bangunan Pelengkap Jalan Jakarta Selatan ,Paket 4 (Kelengkapan Prasarana Trotoar),Jl. Barito 2,ubin pengarah,"100,00",m1
Pembangunan Trotoar dan Bangunan Pelengkap Jalan Jakarta Selatan ,Paket 4 (Kelengkapan Prasarana Trotoar),Jl. Barito 2,bangku,"6,00",unit
Pembangunan Trotoar dan Bangunan Pelengkap Jalan Jakarta Selatan ,Paket 4 (Kelengkapan Prasarana Trotoar),Jl. Barito 2,bollard,"37,00",unit
Pembangunan Trotoar dan Bangunan Pelengkap Jalan Jakarta Selatan ,Paket 4 (Kelengkapan Prasarana Trotoar),Jl. Fatmawati (sisi Kiri),ubin pengarah,"115,00",m1
Pembangunan Trotoar dan Bangunan Pelengkap Jalan Jakarta Selatan ,Paket 4 (Kelengkapan Prasarana Trotoar),Jl. Fatmawati (sisi Kiri),bangku,"6,00",unit
Pembangunan Trotoar dan Bangunan Pelengkap Jalan Jakarta Selatan ,Paket 4 (Kelengkapan Prasarana Trotoar),Jl. Fatmawati (sisi Kiri),bollard,"64,00",unit
Pembangunan Trotoar dan Bangunan Pelengkap Jalan Jakarta Selatan ,Paket 4 (Kelengkapan Prasarana Trotoar),Jl. Fatmawati (sisi Kanan),ubin pengarah,"110,00",m1
Pembangunan Trotoar dan Bangunan Pelengkap Jalan Jakarta Selatan ,Paket 4 (Kelengkapan Prasarana Trotoar),Jl. Fatmawati (sisi Kanan),bangku,"4,00",unit
Pembangunan Trotoar dan Bangunan Pelengkap Jalan Jakarta Selatan ,Paket 4 (Kelengkapan Prasarana Trotoar),Jl. Fatmawati (sisi Kanan),bollard,"64,00",unit
Pembangunan Trotoar dan Bangunan Pelengkap Jalan Jakarta Selatan ,Paket 5 (Trotoar Jl. RS Fatmawati),Jl. RS Fatmawati (kiri),trotoar,"6.549,59",m2
Pembangunan Trotoar dan Bangunan Pelengkap Jalan Jakarta Selatan ,Paket 5 (Trotoar Jl. RS Fatmawati),Jl. RS Fatmawati (kanan),trotoar,"7.639,59",m2
Pembangunan Trotoar dan Bangunan Pelengkap Jalan Jakarta Selatan ,Paket 6 (Kelengkapan Prasarana Trotoar),Jl. RS Fatmawati (kiri),ubin pengarah,"3.361,50",m1
Pembangunan Trotoar dan Bangunan Pelengkap Jalan Jakarta Selatan ,Paket 6 (Kelengkapan Prasarana Trotoar),Jl. RS Fatmawati (kiri),bangku,"3,00",unit
Pembangunan Trotoar dan Bangunan Pelengkap Jalan Jakarta Selatan ,Paket 6 (Kelengkapan Prasarana Trotoar),Jl. RS Fatmawati (kiri),bollard,"376,00",unit
Pembangunan Trotoar dan Bangunan Pelengkap Jalan Jakarta Selatan ,Paket 6 (Kelengkapan Prasarana Trotoar),Jl. RS Fatmawati (kanan),ubin pengarah,"3.361,50",m1
Pembangunan Trotoar dan Bangunan Pelengkap Jalan Jakarta Selatan ,Paket 6 (Kelengkapan Prasarana Trotoar),Jl. RS Fatmawati (kanan),bollard,"426,00",unit
Pembangunan Trotoar dan Bangunan Pelengkap Jalan Jakarta Selatan ,"Paket 7 (Trotoar Jl. Kyai Maja, Jl.Barito II, dsk)",Jl. Barito 2 (sisi kiri),trotoar,"543,90",m2
Pembangunan Trotoar dan Bangunan Pelengkap Jalan Jakarta Selatan ,"Paket 7 (Trotoar Jl. Kyai Maja, Jl.Barito II, dsk)",Jl. Barito 2 (sisi Kanan),trotoar,"551,30",m2
Pembangunan Trotoar dan Bangunan Pelengkap Jalan Jakarta Selatan ,"Paket 7 (Trotoar Jl. Kyai Maja, Jl.Barito II, dsk)",Jl. Kyai Maja (sisi kiri),trotoar,"1.467,00",m2
Pembangunan Trotoar dan Bangunan Pelengkap Jalan Jakarta Selatan ,"Paket 7 (Trotoar Jl. Kyai Maja, Jl.Barito II, dsk)",Jl. Kyai Maja (sisi Kanan),trotoar,"1.064,49",m2
Pembangunan Trotoar dan Bangunan Pelengkap Jalan Jakarta Selatan ,"Paket 7 (Trotoar Jl. Kyai Maja, Jl.Barito II, dsk)",Jl. Kebayoran Baru (sisi Kiri),trotoar,"372,40",m2
Pembangunan Trotoar dan Bangunan Pelengkap Jalan Jakarta Selatan ,"Paket 7 (Trotoar Jl. Kyai Maja, Jl.Barito II, dsk)",Jl. Kebayoran Baru (sisi Kanan),trotoar,"204,20",m2
Pembangunan Trotoar dan Bangunan Pelengkap Jalan Jakarta Selatan,Paket 8 (Kelengkapan Prasarana Trotoar),Jl. Barito 2 (sisi kiri),bollard,"86,00",unit
Pembangunan Trotoar dan Bangunan Pelengkap Jalan Jakarta Selatan,Paket 8 (Kelengkapan Prasarana Trotoar),Jl. Barito 2 (sisi kiri),ubin pengarah,"966,67",m1
Pembangunan Trotoar dan Bangunan Pelengkap Jalan Jakarta Selatan,Paket 8 (Kelengkapan Prasarana Trotoar),Jl. Barito 2 (sisi Kanan),bollard,"34,00",unit
Pembangunan Trotoar dan Bangunan Pelengkap Jalan Jakarta Selatan,Paket 8 (Kelengkapan Prasarana Trotoar),Jl. Barito 2 (sisi Kanan),ubin pengarah,"566,67",m1
Pembangunan Trotoar dan Bangunan Pelengkap Jalan Jakarta Selatan,Paket 8 (Kelengkapan Prasarana Trotoar),Jl. Kyai Maja (sisi kiri),bollard,"40,00",unit
Pembangunan Trotoar dan Bangunan Pelengkap Jalan Jakarta Selatan,Paket 8 (Kelengkapan Prasarana Trotoar),Jl. Kyai Maja (sisi kiri),ubin pengarah,"741,67",m1
Pembangunan Trotoar dan Bangunan Pelengkap Jalan Jakarta Selatan,Paket 8 (Kelengkapan Prasarana Trotoar),Jl. Kyai Maja (sisi Kanan),bollard,"44,00",unit
Pembangunan Trotoar dan Bangunan Pelengkap Jalan Jakarta Selatan,Paket 8 (Kelengkapan Prasarana Trotoar),Jl. Kyai Maja (sisi Kanan),ubin pengarah,"791,67",m1
Pembangunan Trotoar dan Bangunan Pelengkap Jalan Jakarta Selatan,Paket 8 (Kelengkapan Prasarana Trotoar),Jl. Kebayoran Baru (sisi Kiri),bollard,"46,00",unit
Pembangunan Trotoar dan Bangunan Pelengkap Jalan Jakarta Selatan,Paket 8 (Kelengkapan Prasarana Trotoar),Jl. Kebayoran Baru (sisi Kiri),ubin pengarah,"1.066,67",m1
Pembangunan Trotoar dan Bangunan Pelengkap Jalan Jakarta Selatan,Paket 8 (Kelengkapan Prasarana Trotoar),Jl. Kebayoran Baru (sisi Kanan),bollard,"50,00",unit
Pembangunan Trotoar dan Bangunan Pelengkap Jalan Jakarta Selatan,Paket 8 (Kelengkapan Prasarana Trotoar),Jl. Kebayoran Baru (sisi Kanan),ubin pengarah,"466,67",m1
Pembangunan Trotoar dan Bangunan Pelengkap Jalan Jakarta Utara ,"Paket 1 (Trotoar Jl. Gedong Panjang, Jl. Pluit Selatan Raya, dsk)",Jl. Pakin (sisi Kiri),trotoar,"788,87",m2
Pembangunan Trotoar dan Bangunan Pelengkap Jalan Jakarta Utara ,"Paket 1 (Trotoar Jl. Gedong Panjang, Jl. Pluit Selatan Raya, dsk)",Jl. Pakin (sisi Kiri),u-ditch 1000,"320,00",m1
Pembangunan Trotoar dan Bangunan Pelengkap Jalan Jakarta Utara ,"Paket 1 (Trotoar Jl. Gedong Panjang, Jl. Pluit Selatan Raya, dsk)",Jl. Pakin (sisi Kanan),u-ditch 1000,"504,12",m1
Pembangunan Trotoar dan Bangunan Pelengkap Jalan Jakarta Utara ,"Paket 1 (Trotoar Jl. Gedong Panjang, Jl. Pluit Selatan Raya, dsk)",Jl. Gedong Panjang ( Sisi Kiri),trotoar,"1.581,95",m2
Pembangunan Trotoar dan Bangunan Pelengkap Jalan Jakarta Utara ,"Paket 1 (Trotoar Jl. Gedong Panjang, Jl. Pluit Selatan Raya, dsk)",Jl. Gedong Panjang ( Sisi Kiri),u-ditch 1000,"601,00",m1
Pembangunan Trotoar dan Bangunan Pelengkap Jalan Jakarta Utara ,"Paket 1 (Trotoar Jl. Gedong Panjang, Jl. Pluit Selatan Raya, dsk)",Jl. Gedong Panjang (sisi Kanan),trotoar,"1.806,04",m2
Pembangunan Trotoar dan Bangunan Pelengkap Jalan Jakarta Utara ,"Paket 1 (Trotoar Jl. Gedong Panjang, Jl. Pluit Selatan Raya, dsk)",Jl. Gedong Panjang (sisi Kanan),u-ditch 1000,"196,00",m1
Pembangunan Trotoar dan Bangunan Pelengkap Jalan Jakarta Utara ,"Paket 1 (Trotoar Jl. Gedong Panjang, Jl. Pluit Selatan Raya, dsk)",Jl. Pluit Raya ( sisi Kiri),trotoar,"2.914,41",m2
Pembangunan Trotoar dan Bangunan Pelengkap Jalan Jakarta Utara ,"Paket 1 (Trotoar Jl. Gedong Panjang, Jl. Pluit Selatan Raya, dsk)",Jl. Pluit Raya ( sisi Kiri),u-ditch 1000,"148,00",m1
Pembangunan Trotoar dan Bangunan Pelengkap Jalan Jakarta Utara ,"Paket 1 (Trotoar Jl. Gedong Panjang, Jl. Pluit Selatan Raya, dsk)",Jl. Pluit Raya (sisi Kanan),trotoar,"2.254,49",m2
Pembangunan Trotoar dan Bangunan Pelengkap Jalan Jakarta Utara ,"Paket 1 (Trotoar Jl. Gedong Panjang, Jl. Pluit Selatan Raya, dsk)",Jl. Pluit Selatan Raya (sisi Kiri),trotoar,"3.517,83",m2
Pembangunan Trotoar dan Bangunan Pelengkap Jalan Jakarta Utara ,"Paket 1 (Trotoar Jl. Gedong Panjang, Jl. Pluit Selatan Raya, dsk)",Jl. Pluit Selatan Raya (sisi Kiri),u-ditch 1000,"263,40",m1
Pembangunan Trotoar dan Bangunan Pelengkap Jalan Jakarta Utara ,"Paket 1 (Trotoar Jl. Gedong Panjang, Jl. Pluit Selatan Raya, dsk)",Jl. Pluit selatan Raya (sisi Kanan),trotoar,"1.453,11",m2
Pembangunan Trotoar dan Bangunan Pelengkap Jalan Jakarta Utara ,"Paket 1 (Trotoar Jl. Gedong Panjang, Jl. Pluit Selatan Raya, dsk)",Jl. Pluit selatan Raya (sisi Kanan),box culvert 1000,"26,80",m1
Pembangunan Trotoar dan Bangunan Pelengkap Jalan Jakarta Utara ,"Paket 1 (Trotoar Jl. Gedong Panjang, Jl. Pluit Selatan Raya, dsk)",Jl. Pluit Raya 1 (sisi Kiri),trotoar,"257,98",m2
Pembangunan Trotoar dan Bangunan Pelengkap Jalan Jakarta Utara ,"Paket 1 (Trotoar Jl. Gedong Panjang, Jl. Pluit Selatan Raya, dsk)",Jl. Pluit Raya 1 (sisi Kanan),trotoar,"272,65",m2
Pembangunan Trotoar dan Bangunan Pelengkap Jalan Jakarta Utara ,"Paket 1 (Trotoar Jl. Gedong Panjang, Jl. Pluit Selatan Raya, dsk)",Jl. Pluit Raya 1 (sisi Kanan),u-ditch 1000,"120,00",m1
Pembangunan Trotoar dan Bangunan Pelengkap Jalan Jakarta Utara ,"Paket 1 (Trotoar Jl. Gedong Panjang, Jl. Pluit Selatan Raya, dsk)",Jl. Mitra Bahari (sisi kiri),trotoar,"547,90",m2
Pembangunan Trotoar dan Bangunan Pelengkap Jalan Jakarta Utara ,"Paket 1 (Trotoar Jl. Gedong Panjang, Jl. Pluit Selatan Raya, dsk)",Jl. Mitra Bahari (sisi Kanan),trotoar,"599,11",m2
Pembangunan Trotoar dan Bangunan Pelengkap Jalan Jakarta Utara ,Paket 2 (Kelengkapan Prasarana Trotoar),Jl. Pakin (sisi Kiri),ubin pengarah,"352,50",m1
Pembangunan Trotoar dan Bangunan Pelengkap Jalan Jakarta Utara ,Paket 2 (Kelengkapan Prasarana Trotoar),Jl. Pakin (sisi Kiri),bollard,"8,00",unit
Pembangunan Trotoar dan Bangunan Pelengkap Jalan Jakarta Utara ,Paket 2 (Kelengkapan Prasarana Trotoar),Jl. Pakin (sisi Kanan),ubin pengarah,"352,50",m1
Pembangunan Trotoar dan Bangunan Pelengkap Jalan Jakarta Utara ,Paket 2 (Kelengkapan Prasarana Trotoar),Jl. Pakin (sisi Kanan),bollard,"8,00",unit
Pembangunan Trotoar dan Bangunan Pelengkap Jalan Jakarta Utara ,Paket 2 (Kelengkapan Prasarana Trotoar),Jl. Gedong Panjang ( Sisi Kiri),ubin pengarah,"675,00",m1
Pembangunan Trotoar dan Bangunan Pelengkap Jalan Jakarta Utara ,Paket 2 (Kelengkapan Prasarana Trotoar),Jl. Gedong Panjang (sisi Kanan),ubin pengarah,"675,00",m1
Pembangunan Trotoar dan Bangunan Pelengkap Jalan Jakarta Utara ,Paket 2 (Kelengkapan Prasarana Trotoar),Jl. Pluit Selatan Raya (sisi Kiri),ubin pengarah,"544,69",m1
Pembangunan Trotoar dan Bangunan Pelengkap Jalan Jakarta Utara ,Paket 2 (Kelengkapan Prasarana Trotoar),Jl. Pluit Selatan Raya (sisi Kiri),bangku,"12,00",unit
Pembangunan Trotoar dan Bangunan Pelengkap Jalan Jakarta Utara ,Paket 2 (Kelengkapan Prasarana Trotoar),Jl. Pluit Selatan Raya (sisi Kiri),bollard,"212,00",unit
Pembangunan Trotoar dan Bangunan Pelengkap Jalan Jakarta Utara ,Paket 2 (Kelengkapan Prasarana Trotoar),Jl. Pluit selatan Raya (sisi Kanan),ubin pengarah,"544,69",m1
Pembangunan Trotoar dan Bangunan Pelengkap Jalan Jakarta Utara ,Paket 2 (Kelengkapan Prasarana Trotoar),Jl. Pluit selatan Raya (sisi Kanan),bangku,"11,00",unit
Pembangunan Trotoar dan Bangunan Pelengkap Jalan Jakarta Utara ,Paket 2 (Kelengkapan Prasarana Trotoar),Jl. Pluit selatan Raya (sisi Kanan),bollard,"211,00",unit
Pembangunan Trotoar dan Bangunan Pelengkap Jalan Jakarta Utara ,Paket 2 (Kelengkapan Prasarana Trotoar),Jl. Pluit Raya 1 (sisi Kiri),ubin pengarah,"226,50",m1
Pembangunan Trotoar dan Bangunan Pelengkap Jalan Jakarta Utara ,Paket 2 (Kelengkapan Prasarana Trotoar),Jl. Pluit Raya 1 (sisi Kiri),bollard,"62,00",unit
Pembangunan Trotoar dan Bangunan Pelengkap Jalan Jakarta Utara ,Paket 2 (Kelengkapan Prasarana Trotoar),Jl. Pluit Raya 1 (sisi Kiri),bangku,"14,00",unit
Pembangunan Trotoar dan Bangunan Pelengkap Jalan Jakarta Utara ,Paket 2 (Kelengkapan Prasarana Trotoar),Jl. Pluit Raya 1 (sisi Kanan),ubin pengarah,"226,50",m1
Pembangunan Trotoar dan Bangunan Pelengkap Jalan Jakarta Utara ,Paket 2 (Kelengkapan Prasarana Trotoar),Jl. Pluit Raya 1 (sisi Kanan),bollard,"62,00",unit
Pembangunan Trotoar dan Bangunan Pelengkap Jalan Jakarta Utara ,Paket 2 (Kelengkapan Prasarana Trotoar),Jl. Pluit Raya 1 (sisi Kanan),bangku,"13,00",unit
Pembangunan Trotoar dan Bangunan Pelengkap Jalan Jakarta Utara ,Paket 2 (Kelengkapan Prasarana Trotoar),Jl. Pluit Raya ( sisi Kiri),ubin pengarah,"1.390,00",m1
Pembangunan Trotoar dan Bangunan Pelengkap Jalan Jakarta Utara ,Paket 2 (Kelengkapan Prasarana Trotoar),Jl. Pluit Raya (sisi Kanan),ubin pengarah,"490,00",m1
Pembangunan Trotoar dan Bangunan Pelengkap Jalan Jakarta Utara ,Paket 2 (Kelengkapan Prasarana Trotoar),Jl. Mitra Bahari (sisi kiri),ubin pengarah,"310,00",m1
Pembangunan Trotoar dan Bangunan Pelengkap Jalan Jakarta Utara ,Paket 2 (Kelengkapan Prasarana Trotoar),Jl. Mitra Bahari (sisi Kanan),ubin pengarah,"290,00",m1
Pembangunan Trotoar dan Bangunan Pelengkap Jalan Jakarta Utara ,Paket 3 (Trotoar Jl. Yos Sudarso),Jl. Yos Sudarso ( sisi kiri),trotoar,"14.626,47",m2
Pembangunan Trotoar dan Bangunan Pelengkap Jalan Jakarta Utara ,Paket 3 (Trotoar Jl. Yos Sudarso),Jl. Yos Sudarso (sisi Kanan),trotoar,"7.933,51",m2
Pembangunan Trotoar dan Bangunan Pelengkap Jalan Jakarta Utara ,Paket 3 (Trotoar Jl. Yos Sudarso),Jl. Yos Sudarso (sisi Kanan),u-ditch 1000,"190,00",m1
Pembangunan Trotoar dan Bangunan Pelengkap Jalan Jakarta Utara ,Paket 4 (Kelengkapan Prasarana Trotoar),Jl. Yos Sudarso ( sisi kiri),ubin pengarah,"3.568,50",m1
Pembangunan Trotoar dan Bangunan Pelengkap Jalan Jakarta Utara ,Paket 4 (Kelengkapan Prasarana Trotoar),Jl. Yos Sudarso ( sisi kiri),bangku,"5,00",unit
Pembangunan Trotoar dan Bangunan Pelengkap Jalan Jakarta Utara ,Paket 4 (Kelengkapan Prasarana Trotoar),Jl. Yos Sudarso ( sisi kiri),bollard,"202,00",unit
Pembangunan Trotoar dan Bangunan Pelengkap Jalan Jakarta Utara ,Paket 4 (Kelengkapan Prasarana Trotoar),Jl. Yos Sudarso (sisi Kanan),ubin pengarah,"3.568,50",m1
Pembangunan Trotoar dan Bangunan Pelengkap Jalan Jakarta Utara ,Paket 4 (Kelengkapan Prasarana Trotoar),Jl. Yos Sudarso (sisi Kanan),bangku,"5,00",unit
Pembangunan Trotoar dan Bangunan Pelengkap Jalan Jakarta Utara ,Paket 4 (Kelengkapan Prasarana Trotoar),Jl. Yos Sudarso (sisi Kanan),bollard,"203,00",unit
Pembangunan Trotoar dan Bangunan Pelengkap Jalan Jakarta Barat ,Paket 1 (Trotoar Kawasan Kalijodo dsk),Jl. Tubagus Angke (sisi Kiri),trotoar,"1.668,26",m2
Pembangunan Trotoar dan Bangunan Pelengkap Jalan Jakarta Barat ,Paket 1 (Trotoar Kawasan Kalijodo dsk),Jl. Tubagus Angke (sisi Kiri),u-ditch 1000,"151,80",m1
Pembangunan Trotoar dan Bangunan Pelengkap Jalan Jakarta Barat ,Paket 1 (Trotoar Kawasan Kalijodo dsk),Jl. Tubagus Angke (sisi Kanan),trotoar,"1.639,89",m2
Pembangunan Trotoar dan Bangunan Pelengkap Jalan Jakarta Barat ,Paket 1 (Trotoar Kawasan Kalijodo dsk),Jl. Tubagus Angke (sisi Kanan),u-ditch 1000,"115,70",m1
Pembangunan Trotoar dan Bangunan Pelengkap Jalan Jakarta Barat ,Paket 1 (Trotoar Kawasan Kalijodo dsk),Jl. Tubagus Angke ( Median),trotoar,"275,60",m2
Pembangunan Trotoar dan Bangunan Pelengkap Jalan Jakarta Barat ,Paket 2 (Kelengkapan Prasarana Trotoar),Jl. Tubagus Angke (sisi Kiri),ubin pengarah,"636,00",m1
Pembangunan Trotoar dan Bangunan Pelengkap Jalan Jakarta Barat ,Paket 2 (Kelengkapan Prasarana Trotoar),Jl. Tubagus Angke (sisi Kiri),bangku,"3,00",unit
Pembangunan Trotoar dan Bangunan Pelengkap Jalan Jakarta Barat ,Paket 2 (Kelengkapan Prasarana Trotoar),Jl. Tubagus Angke (sisi Kiri),bollard,"48,00",unit
Pembangunan Trotoar dan Bangunan Pelengkap Jalan Jakarta Barat ,Paket 2 (Kelengkapan Prasarana Trotoar),Jl. Tubagus Angke (sisi Kanan),ubin pengarah,"636,00",m1
Pembangunan Trotoar dan Bangunan Pelengkap Jalan Jakarta Barat ,Paket 2 (Kelengkapan Prasarana Trotoar),Jl. Tubagus Angke (sisi Kanan),bangku,"4,00",unit
Pembangunan Trotoar dan Bangunan Pelengkap Jalan Jakarta Barat ,Paket 2 (Kelengkapan Prasarana Trotoar),Jl. Tubagus Angke (sisi Kanan),bollard,"48,00",unit
Pembangunan Trotoar dan Bangunan Pelengkap Jalan Jakarta Barat ,Paket 3 (Trotoar Kawasan Grogol dsk),Jl. Makaliwe Raya,trotoar,"1.638,00",m2
Pembangunan Trotoar dan Bangunan Pelengkap Jalan Jakarta Barat ,Paket 3 (Trotoar Kawasan Grogol dsk),Jl. Makaliwe Raya,u-ditch 1000,"125,00",m1
Pembangunan Trotoar dan Bangunan Pelengkap Jalan Jakarta Barat ,Paket 3 (Trotoar Kawasan Grogol dsk),Jl. Susilo Raya (sisi Kiri),trotoar,"2.896,68",m2
Pembangunan Trotoar dan Bangunan Pelengkap Jalan Jakarta Barat ,Paket 3 (Trotoar Kawasan Grogol dsk),Jl. Susilo Raya (sisi Kiri),u-ditch 1000,"370,80",m1
Pembangunan Trotoar dan Bangunan Pelengkap Jalan Jakarta Barat ,Paket 3 (Trotoar Kawasan Grogol dsk),Jl. Susilo Raya (sisi Kanan),trotoar,"50,13",m2
Pembangunan Trotoar dan Bangunan Pelengkap Jalan Jakarta Barat ,Paket 3 (Trotoar Kawasan Grogol dsk),Jl. Dr Susilo I (sisi Kanan),trotoar,"890,31",m2
Pembangunan Trotoar dan Bangunan Pelengkap Jalan Jakarta Barat ,Paket 3 (Trotoar Kawasan Grogol dsk),Jl. Dr Susilo I (sisi Kanan),u-ditch 1000,"183,20",m1
Pembangunan Trotoar dan Bangunan Pelengkap Jalan Jakarta Barat ,Paket 3 (Trotoar Kawasan Grogol dsk),Jl. Dr Susilo I (sisi Kiri),trotoar,"1.210,90",m2
Pembangunan Trotoar dan Bangunan Pelengkap Jalan Jakarta Barat ,Paket 3 (Trotoar Kawasan Grogol dsk),Jl. Dr Susilo I (sisi Kiri),u-ditch 1000,"344,10",m1
Pembangunan Trotoar dan Bangunan Pelengkap Jalan Jakarta Barat ,Paket 3 (Trotoar Kawasan Grogol dsk),Jl. Muwardi II (sisi Kiri),trotoar,"1.412,89",m2
Pembangunan Trotoar dan Bangunan Pelengkap Jalan Jakarta Barat ,Paket 3 (Trotoar Kawasan Grogol dsk),Jl. Muwardi II (sisi Kiri),u-ditch 1000,"93,90",m1
Pembangunan Trotoar dan Bangunan Pelengkap Jalan Jakarta Barat ,Paket 3 (Trotoar Kawasan Grogol dsk),Jl. Muwardi II (sisi Kanan),trotoar,"1.463,66",m2
Pembangunan Trotoar dan Bangunan Pelengkap Jalan Jakarta Barat ,Paket 3 (Trotoar Kawasan Grogol dsk),Jl. Muwardi II (sisi Kanan),u-ditch 1000,"407,80",m1
Pembangunan Trotoar dan Bangunan Pelengkap Jalan Jakarta Barat ,Paket 3 (Trotoar Kawasan Grogol dsk),Jl. Muwardi Raya (sisi Kanan),trotoar,"1.088,36",m2
Pembangunan Trotoar dan Bangunan Pelengkap Jalan Jakarta Barat ,Paket 3 (Trotoar Kawasan Grogol dsk),Jl. Muwardi Raya (sisi Kanan),u-ditch 1000,"366,60",m1
Pembangunan Trotoar dan Bangunan Pelengkap Jalan Jakarta Barat ,Paket 3 (Trotoar Kawasan Grogol dsk),Jl. Muwardi Raya (sisi Kiri),trotoar,"2.282,29",m2
Pembangunan Trotoar dan Bangunan Pelengkap Jalan Jakarta Barat ,Paket 3 (Trotoar Kawasan Grogol dsk),Jl. Latumenten Raya (median),trotoar,"35,91",m2
Pembangunan Trotoar dan Bangunan Pelengkap Jalan Jakarta Barat ,Paket 3 (Trotoar Kawasan Grogol dsk),Jl. Latumenten Raya (Kiri),trotoar,"2.576,56",m2
Pembangunan Trotoar dan Bangunan Pelengkap Jalan Jakarta Barat ,Paket 3 (Trotoar Kawasan Grogol dsk),Jl. Latumenten Raya (Kiri),u-ditch 1000,"464,90",m1
Pembangunan Trotoar dan Bangunan Pelengkap Jalan Jakarta Barat ,Paket 3 (Trotoar Kawasan Grogol dsk),U-Turn Jl. Latumenten Raya - Jl. Dr. Makaliwe,trotoar,"1.297,74",m2
Pembangunan Trotoar dan Bangunan Pelengkap Jalan Jakarta Barat ,Paket 3 (Trotoar Kawasan Grogol dsk),U-Turn Jl. Dr. Makaliwe - Jl. Satria (Taman),trotoar,"714,07",m2
Pembangunan Trotoar dan Bangunan Pelengkap Jalan Jakarta Barat ,Paket 3 (Trotoar Kawasan Grogol dsk),Jl. Daan Mogot (sisi Kanan),trotoar,"3.315,80",m2
Pembangunan Trotoar dan Bangunan Pelengkap Jalan Jakarta Barat ,Paket 4 (Kelengkapan Prasarana Trotoar),Jl. Daan Mogot (sisi Kanan),ubin pengarah,"1.386,99",m1
Pembangunan Trotoar dan Bangunan Pelengkap Jalan Jakarta Barat ,Paket 4 (Kelengkapan Prasarana Trotoar),U-Turn Jl. Dr. Makaliwe - Jl. Satria (Taman),ubin pengarah,"352,75",m1
Pembangunan Trotoar dan Bangunan Pelengkap Jalan Jakarta Barat ,Paket 4 (Kelengkapan Prasarana Trotoar),U-Turn Jl. Latumenten Raya - Jl. Dr. Makaliwe,ubin pengarah,"616,85",m1
Pembangunan Trotoar dan Bangunan Pelengkap Jalan Jakarta Barat ,Paket 4 (Kelengkapan Prasarana Trotoar),Jl. Latumenten Raya (Kiri),ubin pengarah,"627,90",m1
Pembangunan Trotoar dan Bangunan Pelengkap Jalan Jakarta Barat ,Paket 4 (Kelengkapan Prasarana Trotoar),Jl. Latumenten Raya (median),ubin pengarah,"10,24",m1
Pembangunan Trotoar dan Bangunan Pelengkap Jalan Jakarta Barat ,Paket 4 (Kelengkapan Prasarana Trotoar),Jl. Makaliwe Raya (sisi Kiri),ubin pengarah,"502,60",m1
Pembangunan Trotoar dan Bangunan Pelengkap Jalan Jakarta Barat ,Paket 4 (Kelengkapan Prasarana Trotoar),Jl. Muwardi Raya (sisi Kiri),ubin pengarah,"925,20",m1
Pembangunan Trotoar dan Bangunan Pelengkap Jalan Jakarta Barat ,Paket 4 (Kelengkapan Prasarana Trotoar),Jl. Muwardi Raya (sisi Kanan),ubin pengarah,"431,00",m1
Pembangunan Trotoar dan Bangunan Pelengkap Jalan Jakarta Barat ,Paket 4 (Kelengkapan Prasarana Trotoar),Jl. Muwardi II (sisi Kanan),ubin pengarah,"525,85",m1
Pembangunan Trotoar dan Bangunan Pelengkap Jalan Jakarta Barat ,Paket 4 (Kelengkapan Prasarana Trotoar),Jl. Muwardi II (sisi Kiri),ubin pengarah,"410,50",m1
Pembangunan Trotoar dan Bangunan Pelengkap Jalan Jakarta Barat ,Paket 4 (Kelengkapan Prasarana Trotoar),Jl. Dr Susilo I (sisi Kiri),ubin pengarah,"567,50",m1
Pembangunan Trotoar dan Bangunan Pelengkap Jalan Jakarta Barat ,Paket 4 (Kelengkapan Prasarana Trotoar),Jl. Dr Susilo I (sisi Kanan),ubin pengarah,"395,10",m1
Pembangunan Trotoar dan Bangunan Pelengkap Jalan Jakarta Barat ,Paket 4 (Kelengkapan Prasarana Trotoar),Jl. Susilo Raya (sisi Kanan),ubin pengarah,"25,50",m1
Pembangunan Trotoar dan Bangunan Pelengkap Jalan Jakarta Barat ,Paket 4 (Kelengkapan Prasarana Trotoar),Jl. Susilo Raya (sisi Kiri),ubin pengarah,"1.137,67",m1
Pembangunan Trotoar dan Bangunan Pelengkap Jalan Jakarta Barat ,Paket 5 (Trotoar Kwasan Tanjung Duren dan sekitarnya),Jl. Tanjung Duren Utara I (sisi kiri),trotoar,"1.514,98",m2
Pembangunan Trotoar dan Bangunan Pelengkap Jalan Jakarta Barat ,Paket 5 (Trotoar Kwasan Tanjung Duren dan sekitarnya),Jl. Tanjung Duren Utara I (sisi Kanan),trotoar,"928,63",m2
Pembangunan Trotoar dan Bangunan Pelengkap Jalan Jakarta Barat ,Paket 5 (Trotoar Kwasan Tanjung Duren dan sekitarnya),Jl. Tanjung Duren Utara I (sisi Kanan),u-ditch 1000,"287,83",m1
Pembangunan Trotoar dan Bangunan Pelengkap Jalan Jakarta Barat ,Paket 6 (Kelengkapan Prasarana Trotoar),Jl. Tanjung Duren Utara I (sisi kiri),ubin pengarah,"463,00",m1
Pembangunan Trotoar dan Bangunan Pelengkap Jalan Jakarta Barat ,Paket 6 (Kelengkapan Prasarana Trotoar),Jl. Tanjung Duren Utara I (sisi kiri),bollard,"28,00",unit
Pembangunan Trotoar dan Bangunan Pelengkap Jalan Jakarta Barat ,Paket 6 (Kelengkapan Prasarana Trotoar),Jl. Tanjung Duren Utara I (sisi Kanan),ubin pengarah,"463,00",m1
Pembangunan Trotoar dan Bangunan Pelengkap Jalan Jakarta Barat ,Paket 6 (Kelengkapan Prasarana Trotoar),Jl. Tanjung Duren Utara I (sisi Kanan),bollard,"27,00",unit
Pembangunan Trotoar dan Bangunan Pelengkap Jalan Jakarta Barat ,Paket 7 (Pengadaan Papan Informasi Trotoar Wilayah Kota Administrasi Jakarta Barat),Jl. Latumenten Raya (Kiri),papan informasi trotoar,"2,00",unit
Pembangunan Trotoar dan Bangunan Pelengkap Jalan Jakarta Barat ,Paket 7 (Pengadaan Papan Informasi Trotoar Wilayah Kota Administrasi Jakarta Barat),Jl. Muwardi Raya (sisi Kanan),papan informasi trotoar,"1,00",unit
Pembangunan Trotoar dan Bangunan Pelengkap Jalan Jakarta Barat ,Paket 7 (Pengadaan Papan Informasi Trotoar Wilayah Kota Administrasi Jakarta Barat),Jl. Tubagus Angke (sisi Kiri),papan informasi trotoar,"2,00",unit
Pembangunan Trotoar dan Bangunan Pelengkap Jalan Jakarta Barat ,Paket 7 (Pengadaan Papan Informasi Trotoar Wilayah Kota Administrasi Jakarta Barat),Jl. Tanjung duren,papan informasi trotoar,"1,00",unit
Pembangunan Trotoar dan Bangunan Pelengkap Jalan Jakarta Timur,Paket 1 (Trotoar Jl. Pulomas Raya dan sekitarnya),Jl. Pulomas Raya (sisi kiri),trotoar,"2.802,16",m2
Pembangunan Trotoar dan Bangunan Pelengkap Jalan Jakarta Timur,Paket 1 (Trotoar Jl. Pulomas Raya dan sekitarnya),Jl. Pulomas Raya (sisi kiri),u-ditch 800,"277,58",m1
Pembangunan Trotoar dan Bangunan Pelengkap Jalan Jakarta Timur,Paket 1 (Trotoar Jl. Pulomas Raya dan sekitarnya),Jl. Pulomas Raya (sisi kanan),trotoar,"2.671,25",m2
Pembangunan Trotoar dan Bangunan Pelengkap Jalan Jakarta Timur,Paket 1 (Trotoar Jl. Pulomas Raya dan sekitarnya),Jl. Pulomas Raya (sisi kanan),u-ditch 1000,"81,89",m1
Pembangunan Trotoar dan Bangunan Pelengkap Jalan Jakarta Timur,Paket 1 (Trotoar Jl. Pulomas Raya dan sekitarnya),Jl. Pulomas Raya (sisi kanan),u-ditch 800,"257,10",m1
Pembangunan Trotoar dan Bangunan Pelengkap Jalan Jakarta Timur,Paket 1 (Trotoar Jl. Pulomas Raya dan sekitarnya),Jl. Pulomas Jaya (sisi kiri ),trotoar,"1.745,51",m2
Pembangunan Trotoar dan Bangunan Pelengkap Jalan Jakarta Timur,Paket 1 (Trotoar Jl. Pulomas Raya dan sekitarnya),Jl. Pulomas Jaya (sisi kiri ),u-ditch 800,"151,50",m1
Pembangunan Trotoar dan Bangunan Pelengkap Jalan Jakarta Timur,Paket 1 (Trotoar Jl. Pulomas Raya dan sekitarnya),Jl. Pulomas Jaya (sisi kanan),trotoar,"1.695,72",m2
Pembangunan Trotoar dan Bangunan Pelengkap Jalan Jakarta Timur,Paket 1 (Trotoar Jl. Pulomas Raya dan sekitarnya),Jl. Pulomas Jaya (sisi kanan),u-ditch 1000,"446,92",m1
Pembangunan Trotoar dan Bangunan Pelengkap Jalan Jakarta Timur,Paket 1 (Trotoar Jl. Pulomas Raya dan sekitarnya),Jl. Tanah Mas Raya (sisi Kiri),trotoar,"1.593,78",m2
Pembangunan Trotoar dan Bangunan Pelengkap Jalan Jakarta Timur,Paket 1 (Trotoar Jl. Pulomas Raya dan sekitarnya),Jl. Tanah Mas Raya (sisi Kiri),u-ditch 1000,"462,22",m1
Pembangunan Trotoar dan Bangunan Pelengkap Jalan Jakarta Timur,Paket 1 (Trotoar Jl. Pulomas Raya dan sekitarnya),Jl. Tanah Mas Raya (sisi Kanan),trotoar,"1.458,03",m2
Pembangunan Trotoar dan Bangunan Pelengkap Jalan Jakarta Timur,Paket 1 (Trotoar Jl. Pulomas Raya dan sekitarnya),Jl. Tanah Mas Raya (sisi Kanan),u-ditch 1000,"272,28",m1
Pembangunan Trotoar dan Bangunan Pelengkap Jalan Jakarta Timur,Paket 1 (Trotoar Jl. Pulomas Raya dan sekitarnya),Jl. Sirap (Sisi Kiri),trotoar,"521,54",m2
Pembangunan Trotoar dan Bangunan Pelengkap Jalan Jakarta Timur,Paket 1 (Trotoar Jl. Pulomas Raya dan sekitarnya),Jl. Sirap (sisi Kanan),trotoar,"605,42",m2
Pembangunan Trotoar dan Bangunan Pelengkap Jalan Jakarta Timur ,Paket 2 (Trotoar Jl. Pemuda dan Jl. Perintis Kemerdekaan),Jl. Pemuda (sisi Kanan),trotoar,"5.765,98",m2
Pembangunan Trotoar dan Bangunan Pelengkap Jalan Jakarta Timur ,Paket 2 (Trotoar Jl. Pemuda dan Jl. Perintis Kemerdekaan),Jl. Pemuda (sisi Kiri),trotoar,"3.424,00",m2
Pembangunan Trotoar dan Bangunan Pelengkap Jalan Jakarta Timur ,Paket 2 (Trotoar Jl. Pemuda dan Jl. Perintis Kemerdekaan),Jl . Perintis Kemerdekaan (sisi Kanan),trotoar,"5.192,81",m2
Pembangunan Trotoar dan Bangunan Pelengkap Jalan Jakarta Timur ,Paket 2 (Trotoar Jl. Pemuda dan Jl. Perintis Kemerdekaan),Jl . Perintis Kemerdekaan (sisi Kanan),u-ditch 1000,"1.249,50",m1
Pembangunan Trotoar dan Bangunan Pelengkap Jalan Jakarta Timur ,Paket 3 (Kelengkapan Prasarana Trotoar),Jl. Pulomas Raya (sisi kiri),ubin pengarah,"1.064,00",m1
Pembangunan Trotoar dan Bangunan Pelengkap Jalan Jakarta Timur ,Paket 3 (Kelengkapan Prasarana Trotoar),Jl. Pulomas Raya (sisi kiri),bangku,"3,00",unit
Pembangunan Trotoar dan Bangunan Pelengkap Jalan Jakarta Timur ,Paket 3 (Kelengkapan Prasarana Trotoar),Jl. Pulomas Raya (sisi kiri),bollard,"35,00",unit
Pembangunan Trotoar dan Bangunan Pelengkap Jalan Jakarta Timur ,Paket 3 (Kelengkapan Prasarana Trotoar),Jl. Pulomas Raya (sisi kanan),ubin pengarah,"1.259,00",m1
Pembangunan Trotoar dan Bangunan Pelengkap Jalan Jakarta Timur ,Paket 3 (Kelengkapan Prasarana Trotoar),Jl. Pulomas Raya (sisi kanan),bangku,"2,00",unit
Pembangunan Trotoar dan Bangunan Pelengkap Jalan Jakarta Timur ,Paket 3 (Kelengkapan Prasarana Trotoar),Jl. Pulomas Raya (sisi kanan),bollard,"34,00",unit
Pembangunan Trotoar dan Bangunan Pelengkap Jalan Jakarta Timur ,Paket 3 (Kelengkapan Prasarana Trotoar),Jl. Pulomas Jaya (sisi kanan),ubin pengarah,"614,00",m1
Pembangunan Trotoar dan Bangunan Pelengkap Jalan Jakarta Timur ,Paket 3 (Kelengkapan Prasarana Trotoar),Jl. Pulomas Jaya (sisi kanan),bangku,"2,00",unit
Pembangunan Trotoar dan Bangunan Pelengkap Jalan Jakarta Timur ,Paket 3 (Kelengkapan Prasarana Trotoar),Jl. Pulomas Jaya (sisi kanan),bollard,"34,00",unit
Pembangunan Trotoar dan Bangunan Pelengkap Jalan Jakarta Timur ,Paket 3 (Kelengkapan Prasarana Trotoar),Jl. Pulomas Jaya (sisi kiri),ubin pengarah,"614,00",m1
Pembangunan Trotoar dan Bangunan Pelengkap Jalan Jakarta Timur ,Paket 3 (Kelengkapan Prasarana Trotoar),Jl. Pulomas Jaya (sisi kiri),bollard,"35,00",unit
Pembangunan Trotoar dan Bangunan Pelengkap Jalan Jakarta Timur ,Paket 3 (Kelengkapan Prasarana Trotoar),Jl. Tanah Mas Raya (sisi Kanan),ubin pengarah,"409,00",m1
Pembangunan Trotoar dan Bangunan Pelengkap Jalan Jakarta Timur ,Paket 3 (Kelengkapan Prasarana Trotoar),Jl. Tanah Mas Raya (sisi Kanan),bangku,"3,00",unit
Pembangunan Trotoar dan Bangunan Pelengkap Jalan Jakarta Timur ,Paket 3 (Kelengkapan Prasarana Trotoar),Jl. Tanah Mas Raya (sisi Kanan),bollard,"35,00",unit
Pembangunan Trotoar dan Bangunan Pelengkap Jalan Jakarta Timur ,Paket 3 (Kelengkapan Prasarana Trotoar),Jl. Tanah Mas Raya (sisi Kiri),ubin pengarah,"614,00",m1
Pembangunan Trotoar dan Bangunan Pelengkap Jalan Jakarta Timur ,Paket 3 (Kelengkapan Prasarana Trotoar),Jl. Tanah Mas Raya (sisi Kiri),bangku,"1,00",unit
Pembangunan Trotoar dan Bangunan Pelengkap Jalan Jakarta Timur ,Paket 3 (Kelengkapan Prasarana Trotoar),Jl. Tanah Mas Raya (sisi Kiri),bollard,"35,00",unit
Pembangunan Trotoar dan Bangunan Pelengkap Jalan Jakarta Timur ,Paket 3 (Kelengkapan Prasarana Trotoar),Jl. Sirap (Sisi Kiri),ubin pengarah,"174,00",m1
Pembangunan Trotoar dan Bangunan Pelengkap Jalan Jakarta Timur ,Paket 3 (Kelengkapan Prasarana Trotoar),Jl. Sirap (Sisi Kiri),bangku,"4,00",unit
Pembangunan Trotoar dan Bangunan Pelengkap Jalan Jakarta Timur ,Paket 3 (Kelengkapan Prasarana Trotoar),Jl. Sirap (Sisi Kiri),bollard,"20,00",unit
Pembangunan Trotoar dan Bangunan Pelengkap Jalan Jakarta Timur ,Paket 3 (Kelengkapan Prasarana Trotoar),Jl. Sirap (sisi Kanan),ubin pengarah,"164,00",m1
Pembangunan Trotoar dan Bangunan Pelengkap Jalan Jakarta Timur ,Paket 3 (Kelengkapan Prasarana Trotoar),Jl. Sirap (sisi Kanan),bollard,"15,00",unit
Pembangunan Trotoar dan Bangunan Pelengkap Jalan Jakarta Timur ,Paket 3 (Kelengkapan Prasarana Trotoar),Jl. Pemuda (sisi Kanan),ubin pengarah,"2.120,00",m1
Pembangunan Trotoar dan Bangunan Pelengkap Jalan Jakarta Timur ,Paket 3 (Kelengkapan Prasarana Trotoar),Jl. Pemuda (sisi Kanan),bangku,"21,00",unit
Pembangunan Trotoar dan Bangunan Pelengkap Jalan Jakarta Timur ,Paket 3 (Kelengkapan Prasarana Trotoar),Jl. Pemuda (sisi Kanan),bollard,"99,00",unit
Pembangunan Trotoar dan Bangunan Pelengkap Jalan Jakarta Timur ,Paket 3 (Kelengkapan Prasarana Trotoar),Jl. Pemuda (sisi Kiri),ubin pengarah,"2.120,00",m1
Pembangunan Trotoar dan Bangunan Pelengkap Jalan Jakarta Timur ,Paket 3 (Kelengkapan Prasarana Trotoar),Jl. Pemuda (sisi Kiri),bangku,"22,00",unit
Pembangunan Trotoar dan Bangunan Pelengkap Jalan Jakarta Timur ,Paket 3 (Kelengkapan Prasarana Trotoar),Jl. Pemuda (sisi Kiri),bollard,"100,00",unit
Pembangunan Trotoar dan Bangunan Pelengkap Jalan Jakarta Timur ,Paket 3 (Kelengkapan Prasarana Trotoar),Jl . Perintis Kemerdekaan (sisi Kanan),ubin pengarah,"1.460,00",m1
Pembangunan Trotoar dan Bangunan Pelengkap Jalan Jakarta Timur ,Paket 3 (Kelengkapan Prasarana Trotoar),Jl . Perintis Kemerdekaan (sisi Kanan),bangku,"24,00",unit
Pembangunan Trotoar dan Bangunan Pelengkap Jalan Jakarta Timur ,Paket 4 (Trotoar Jl. Pulomas Timur dan Jl. Pulo Nangka),Jl. Pulomas Timur (Sisi Kiri),trotoar,"1.986,62",m2
Pembangunan Trotoar dan Bangunan Pelengkap Jalan Jakarta Timur ,Paket 4 (Trotoar Jl. Pulomas Timur dan Jl. Pulo Nangka),Jl. Pulomas Timur (Sisi Kanan),trotoar,"631,18",m2
Pembangunan Trotoar dan Bangunan Pelengkap Jalan Jakarta Timur ,Paket 4 (Trotoar Jl. Pulomas Timur dan Jl. Pulo Nangka),Jl. Pulo Nangka ( sisi kiri),trotoar,"1.493,03",m2
Pembangunan Trotoar dan Bangunan Pelengkap Jalan Jakarta Timur ,Paket 4 (Trotoar Jl. Pulomas Timur dan Jl. Pulo Nangka),Jl. Pulo Nangka ( sisi kiri),u-ditch 1000,"575,00",m1
Pembangunan Trotoar dan Bangunan Pelengkap Jalan Jakarta Timur ,"Paket 5 (Trotoar Jl. Jenderal Ahmad Yani, Jl. Tener dsk)",Jl. A. Yani (sisi Kiri),trotoar,"6.341,34",m2
Pembangunan Trotoar dan Bangunan Pelengkap Jalan Jakarta Timur ,"Paket 5 (Trotoar Jl. Jenderal Ahmad Yani, Jl. Tener dsk)",Jl. A Yani ( sisi Kanan ),trotoar,"8.680,74",m2
Pembangunan Trotoar dan Bangunan Pelengkap Jalan Jakarta Timur ,"Paket 5 (Trotoar Jl. Jenderal Ahmad Yani, Jl. Tener dsk)",Jl. Pulomas Raya Selatan (sisi Kanan),trotoar,"1.140,93",m2
Pembangunan Trotoar dan Bangunan Pelengkap Jalan Jakarta Timur ,"Paket 5 (Trotoar Jl. Jenderal Ahmad Yani, Jl. Tener dsk)",Jl. Pulomas Raya Selatan ( sisi Kiri),trotoar,"853,63",m2
Pembangunan Trotoar dan Bangunan Pelengkap Jalan Jakarta Timur ,"Paket 5 (Trotoar Jl. Jenderal Ahmad Yani, Jl. Tener dsk)",Jl. Tener ( sisi Kiri),trotoar,"1.709,51",m2
Pembangunan Trotoar dan Bangunan Pelengkap Jalan Jakarta Timur ,"Paket 5 (Trotoar Jl. Jenderal Ahmad Yani, Jl. Tener dsk)",Jl. Tener ( sisi Kiri),u-ditch 1000,"662,00",m1
Pembangunan Trotoar dan Bangunan Pelengkap Jalan Jakarta Timur ,"Paket 5 (Trotoar Jl. Jenderal Ahmad Yani, Jl. Tener dsk)",Jl. Tener (sisi Kanan),trotoar,"850,67",m2
Pembangunan Trotoar dan Bangunan Pelengkap Jalan Jakarta Timur ,"Paket 5 (Trotoar Jl. Jenderal Ahmad Yani, Jl. Tener dsk)",Jl. Pondasi Ujung (sisi Kanan ),trotoar,"530,71",m2
Pembangunan Trotoar dan Bangunan Pelengkap Jalan Jakarta Timur ,"Paket 5 (Trotoar Jl. Jenderal Ahmad Yani, Jl. Tener dsk)",Jl. Pondasi Ujung (sisi Kiri),trotoar,"450,18",m2
Pembangunan Trotoar dan Bangunan Pelengkap Jalan Jakarta Timur ,Paket 6 (Kelengkapan Prasarana Trotoar),Jl. Pulomas Timur (Sisi Kiri),ubin pengarah,"786,52",m1
Pembangunan Trotoar dan Bangunan Pelengkap Jalan Jakarta Timur ,Paket 6 (Kelengkapan Prasarana Trotoar),Jl. Pulomas Timur (Sisi Kanan),ubin pengarah,"337,08",m1
Pembangunan Trotoar dan Bangunan Pelengkap Jalan Jakarta Timur ,Paket 6 (Kelengkapan Prasarana Trotoar),Jl. Pulo Nangka ( sisi kiri),ubin pengarah,"576,00",m1
Pembangunan Trotoar dan Bangunan Pelengkap Jalan Jakarta Timur ,Paket 6 (Kelengkapan Prasarana Trotoar),Jl. A. Yani (sisi Kiri),ubin pengarah,"2.170,32",m1
Pembangunan Trotoar dan Bangunan Pelengkap Jalan Jakarta Timur ,Paket 6 (Kelengkapan Prasarana Trotoar),Jl. A. Yani (sisi Kiri),bangku,"19,00",unit
Pembangunan Trotoar dan Bangunan Pelengkap Jalan Jakarta Timur ,Paket 6 (Kelengkapan Prasarana Trotoar),Jl. A. Yani (sisi Kiri),bollard,"413,00",unit
Pembangunan Trotoar dan Bangunan Pelengkap Jalan Jakarta Timur ,Paket 6 (Kelengkapan Prasarana Trotoar),Jl. A Yani ( sisi Kanan ),ubin pengarah,"2.216,32",m1
Pembangunan Trotoar dan Bangunan Pelengkap Jalan Jakarta Timur ,Paket 6 (Kelengkapan Prasarana Trotoar),Jl. A Yani ( sisi Kanan ),bangku,"18,00",unit
Pembangunan Trotoar dan Bangunan Pelengkap Jalan Jakarta Timur ,Paket 6 (Kelengkapan Prasarana Trotoar),Jl. A Yani ( sisi Kanan ),bollard,"414,00",unit
Pembangunan Trotoar dan Bangunan Pelengkap Jalan Jakarta Timur ,Paket 6 (Kelengkapan Prasarana Trotoar),Jl. Pulomas Raya Selatan (sisi Kanan),ubin pengarah,"561,80",m1
Pembangunan Trotoar dan Bangunan Pelengkap Jalan Jakarta Timur ,Paket 6 (Kelengkapan Prasarana Trotoar),Jl. Pulomas Raya Selatan ( sisi Kiri),ubin pengarah,"561,80",m1
Pembangunan Trotoar dan Bangunan Pelengkap Jalan Jakarta Timur ,Paket 6 (Kelengkapan Prasarana Trotoar),Jl. Tener ( sisi Kiri),ubin pengarah,"523,63",m1
Pembangunan Trotoar dan Bangunan Pelengkap Jalan Jakarta Timur ,Paket 6 (Kelengkapan Prasarana Trotoar),Jl. Tener ( sisi Kiri),bollard,"31,00",unit
Pembangunan Trotoar dan Bangunan Pelengkap Jalan Jakarta Timur ,Paket 6 (Kelengkapan Prasarana Trotoar),Jl. Tener (sisi Kanan),ubin pengarah,"150,00",m1
Pembangunan Trotoar dan Bangunan Pelengkap Jalan Jakarta Timur ,Paket 6 (Kelengkapan Prasarana Trotoar),Jl. Tener (sisi Kanan),bollard,"31,00",unit
Pembangunan Trotoar dan Bangunan Pelengkap Jalan Jakarta Timur ,Paket 6 (Kelengkapan Prasarana Trotoar),Jl. Pondasi Ujung (sisi Kanan ),bollard,"373,63",m1
Pembangunan Trotoar dan Bangunan Pelengkap Jalan Jakarta Timur ,Paket 6 (Kelengkapan Prasarana Trotoar),Jl. Pondasi Ujung (sisi Kanan ),ubin pengarah,"373,63",m1
Pembangunan Trotoar dan Bangunan Pelengkap Jalan Jakarta Timur ,Paket 6 (Kelengkapan Prasarana Trotoar),Jl. Pondasi Ujung (sisi Kiri),ubin pengarah,"323,63",m1
Pembangunan Trotoar dan Bangunan Pelengkap Jalan Jakarta Timur ,Paket 6 (Kelengkapan Prasarana Trotoar),Jl. Pondasi Ujung (sisi Kiri),bollard,"32,00",unit
Pembangunan Trotoar dan Bangunan Pelengkap Jalan Jakarta Timur ,Paket 6 (Kelengkapan Prasarana Trotoar),Jl. Pemuda (sisi kanan),bollard,"127,00",unit
Pembangunan Trotoar dan Bangunan Pelengkap Jalan Jakarta Timur ,Paket 6 (Kelengkapan Prasarana Trotoar),Jl. Pemuda (sisi kiri),bollard,"127,00",unit
Pembangunan Trotoar dan Bangunan Pelengkap Jalan Jakarta Timur ,Paket 6 (Kelengkapan Prasarana Trotoar),Jl. Perintis Kemerdekaan,bollard,"220,00",unit
